date,item,mae,rmse,r2,naive_mae,improvement_pct,steps,regime_start
2026-04-22,Dragon bones,40.66,50.63,0.6693,63.61,36.1,33,2026-01-24
2026-04-23,Dragon bones,40.78,50.52,0.6883,65.67,37.9,33,2026-01-24
2026-05-02,Dragon bones,Item-specific,8.57,10.73,0.9924,37,91,2026-01-24
2026-05-02,Dragon bones,Item-specific,8.57,10.73,0.9924,37,91,2026-01-24
2026-05-02,Dragon bones,Item-specific,9.27,11.49,0.9912,37,91,2026-01-24
2026-09-27,Super restore(4),Item-specific,48.02,54.53,0.71,23,57,2026-07-24
2026-09-27,Bandos godsword,Item-specific,86362.1,98941.08,0.6967,8,19,2026-08-31
2026-09-27,Super combat potion(4),Item-specific,42.99,60.54,0.1962,8,18,2026-09-01
2026-09-27,Zulrah's scales,Item-specific,2.63,3.68,0.1825,32,79,2026-07-02
2026-09-27,Anglerfish,Item-specific,47.14,55.66,0.7991,31,76,2026-07-05
2026-09-27,Dragon warhammer,Item-specific,164439.38,210086.38,0.7485,21,52,2026-07-30
2026-09-27,Magic logs,Item-specific,9.9,13.63,-0.0222,13,31,2026-08-19
2026-09-27,Steel cannonball,Item-specific,9.3,11.54,-1.2904,32,78,2026-07-03
2026-09-27,Twisted bow,Item-specific,5626679.85,9190022.74,0.1551,13,31,2026-08-19
2026-09-27,Superior dragon bones,Item-specific,271.14,355.62,0.1403,13,31,2026-08-19
2026-09-27,Super restore(4),Item-specific,48.02,54.53,0.71,23,57,2026-07-24
2026-09-27,Shark,Item-specific,8.34,10.66,0.6327,25,62,2026-07-19
2026-09-27,Dragon bones,Item-specific,46.31,63.72,0.9744,96,238,2026-01-24
2026-09-27,Death rune,Item-specific,0.84,1.2,0.5935,32,79,2026-07-02
2026-09-27,Chaos rune,Item-specific,0.45,0.63,0.8288,71,177,2026-03-26
2026-09-27,Blood rune,Item-specific,3.41,3.69,0.7319,12,28,2026-08-22
2026-09-27,Saradomin brew(4),Item-specific,42.19,54.58,0.3639,20,48,2026-08-02
