avgHighPrice,avgLowPrice,highPriceVolume,lowPriceVolume,date,daily_avg_price_raw,daily_avg_price,total_volume,price_spread,7_day_moving_avg,14_day_moving_avg,30_day_moving_avg,90_day_moving_avg,ema_7,ema_14,price_lag_1,price_lag_2,price_lag_3,price_lag_4,price_lag_5,price_lag_6,price_lag_7,price_lag_14,volatility_7d,rsi_14,volume_ma_7,volume_momentum,slope_7d,slope_30d,range_position_7d,pct_change_1d,pct_change_3d,pct_change_7d,pct_change_14d,pct_vs_7ma,pct_vs_30ma,pct_vs_90ma,ema_crossover,slope_7d_pct,slope_30d_pct,vol_pct_7d,spread_pct,volume_ratio,lag_return_1d,lag_return_2d,lag_return_3d,lag_return_7d,lag_return_14d,target_price_7d,target_pct_7d
1784,1741,1078729,988073,2026-01-24,1762,1762,2066802,43,1637.4285714285713,1606.7857142857142,1560.2666666666667,1672.4333333333334,1663.096587380674,1622.5548097594788,1740.0,1627.0,1597.0,1592.0,1564.0,1580.0,1576.0,1584.0,80.14124436032648,1.098799092034628,3148109.0,-1081307.0,33.32142857142862,6.936151279199084,0.643663230551904,0.4667563308506592,2.9909344968223133,1.7263858222131436,0.5841825492130818,2.6599383738694318,1.0703014476009831,-2.6698965479347376,0.6940266040239418,1.9951259637177245,-0.12354926072410989,2.35295181733339,2.4527445737258464,-0.5809185128780276,0.4667563308506555,3.0968379742400534,2.9909344968223137,1.7263858222131425,0.5841825492130807,196.0,0.1112372304199773
1789,1768,1062031,578339,2026-01-25,1778,1778,1640370,21,1665.7142857142858,1621.0,1571.2333333333333,1669.2111111111112,1691.8224405355054,1643.2808351248816,1762.0,1740.0,1627.0,1597.0,1592.0,1564.0,1580.0,1579.0,90.73535563333215,1.2757800855969432,2488558.5714285714,-848188.5714285714,40.17857142857137,7.573526140155699,0.643663230551904,0.26420221736076677,2.6355133566194264,1.88057701857242,0.7824378976651616,2.2842695796664896,1.112875287898629,-2.445380785538194,1.063228458290721,2.5162693423188105,-0.00964213426451111,2.853913306392335,-0.050544406254287286,-0.5763125375560011,0.26420221736076666,0.5141330012041285,2.6355133566194295,1.8805770185724202,0.7824378976651608,164.0,0.0922384701912261
1799,1783,1047237,855191,2026-01-26,1791,1791,1902428,16,1698.142857142857,1635.5714285714287,1582.2,1666.3777777777777,1716.6168304016292,1662.9767237748974,1778.0,1762.0,1740.0,1627.0,1597.0,1592.0,1564.0,1587.0,88.86962092758134,1.2923494003833509,1908636.2857142857,-6208.285714285681,39.07142857142855,8.238042269187943,0.643663230551904,0.1636380206388712,0.48813121668008225,2.299526474254572,0.8189560584057382,1.732595474777538,1.1197768029103448,-2.2596398185110913,1.2834678347385664,2.4056934679125295,0.11027965432657977,2.7264286567533116,-0.6225364235708816,0.012000843227618803,0.16363802063887728,0.2868309972543984,0.48813121668008225,2.2995264742545705,0.8189560584057398,172.0,0.096035734226689
1893,1858,848251,633844,2026-01-27,1876,1876,1482095,35,1738.7142857142858,1657.142857142857,1596.5333333333333,1664.7222222222222,1756.4626228012219,1691.3798272715776,1791.0,1778.0,1762.0,1740.0,1627.0,1597.0,1592.0,1574.0,96.80859859489357,1.7450384936640846,1653133.142857143,-171038.14285714296,42.96428571428555,9.194215795328125,0.643663230551904,2.4459642808676585,1.6849059481662723,3.0022335374375353,1.7383149290001487,2.7847942383108752,1.916815905387323,-1.252365435905484,1.7881344075170005,2.559308173503725,0.21650904981370372,2.905504219472707,1.3102641453475206,-0.16263807200670408,2.445964280867662,1.9200200342217277,1.6849059481662716,3.0022335374375366,1.738314929000148,96.0,0.0511727078891258
1886,1856,785721,637970,2026-01-28,1871,1871,1423691,30,1777.857142857143,1678.642857142857,1609.9,1663.2444444444445,1785.0969671009163,1715.3291836353674,1876.0,1791.0,1778.0,1762.0,1740.0,1627.0,1597.0,1570.0,84.58019581327524,1.7257738589961438,1637631.5714285714,-213940.57142857136,36.89285714285703,10.09232480533923,0.5770654776152042,-0.40352401804155746,1.2657932490443589,2.8580993943005,1.7361646374390984,1.6332958178678958,1.678840030337388,-1.2911063550449784,1.9660432777869554,2.109224788016835,0.3903778176071019,2.3279237565478037,0.7889532580061481,-0.21000047296688804,-0.4035240180415583,1.4785414471653227,1.265793249044356,2.8580993943004986,1.7361646374390978,110.0,0.05879208979155532
1948,1918,2067412,1781102,2026-01-29,1933,1933,3848514,30,1821.5714285714287,1704.5714285714287,1624.1333333333334,1662.7555555555555,1822.0727253256873,1744.3519591506517,1871.0,1876.0,1791.0,1778.0,1762.0,1740.0,1627.0,1570.0,71.7143805729007,1.7945339842070647,1944090.142857143,1904423.857142857,31.96428571428567,11.460289210233569,0.643663230551904,1.631779363304412,2.178176643912133,3.206893048747185,2.309505219023197,2.013889561936146,2.196705858265408,-0.5642113556431964,2.2808743024333693,1.6593762654824156,0.5789020663960774,1.5961514506816805,0.686721241686856,1.7248362357628244,1.6317793633044144,0.8751081825209491,2.1781766439121304,3.2068930487471845,2.309505219023196,41.0,0.021210553543714435
1964,1927,745776,838464,2026-01-30,1946,1946,1584240,37,1851.0,1730.9285714285713,1638.9333333333334,1662.8444444444444,1853.0545439942655,1771.2383645972316,1933.0,1871.0,1876.0,1791.0,1778.0,1762.0,1740.0,1577.0,74.85986908886798,1.8000925821601461,1992591.4285714286,-408351.42857142864,33.642857142857125,12.694549499443799,0.643663230551904,0.13030873786448446,0.7587783450166928,1.7342156823338677,2.3498432420223256,1.5870537150202848,2.1446109118969474,-0.41434682839361586,2.4135228435475344,1.7656987996165325,0.7885718719215217,1.7196998661882128,1.381159036167775,-0.33947552276597825,0.1303087378644827,1.2849615671059773,0.758778345016693,1.7342156823338686,2.3498432420223265,46.0,0.023638232271325797
1960,1956,2241249,984423,2026-01-31,1958,1958,3225672,4,1879.0,1758.2142857142858,1654.0666666666666,1663.2555555555555,1879.2909079956992,1796.1399159842674,1946.0,1933.0,1871.0,1876.0,1791.0,1778.0,1762.0,1576.0,72.64525678484306,1.8265691193835998,2158144.285714286,1067527.714285714,32.392857142857046,13.822469410456032,0.643663230551904,0.0985420050735181,1.06942106681406,1.5830375965998336,2.4717576932532146,1.184840316737823,2.0778455140751513,-0.28052576497747894,2.421855560870964,1.660471446016069,0.9775896606005705,1.5963070691523864,-1.9922828545555937,0.8797094585223627,0.09854200507352379,0.13790294092462332,1.0694210668140578,1.5830375965998327,2.4717576932532137,111.0,0.05669050051072523
1955,1930,3484358,2185131,2026-02-01,1942,1942,5669489,25,1902.4285714285713,1784.0714285714287,1668.8,1663.3444444444444,1894.9681809967744,1815.5879271863653,1958.0,1946.0,1933.0,1871.0,1876.0,1791.0,1778.0,1580.0,59.98571258464944,1.5764599447484486,2733732.714285714,2935756.285714286,24.714285714285673,14.617575083426013,0.3259082033665014,-0.7165490074988582,-0.3456262457412565,1.181532540337672,2.279070643438905,0.2641170065967665,1.7070831599561263,-0.46761204187072225,2.2132339066877273,1.1207858053652469,1.1424588405016607,1.0354021288909958,0.1606235265862263,1.8891817543214668,-0.7165490074988559,-0.49530383893504576,-0.3456262457412601,1.181532540337674,2.2790706434389034,132.0,0.06797116374871266
1977,1949,918851,478087,2026-02-02,1963,1963,1396938,28,1927.0,1812.5714285714287,1683.7666666666667,1663.8666666666666,1911.9761357475809,1835.2428702281834,1942.0,1958.0,1946.0,1933.0,1871.0,1876.0,1791.0,1564.0,37.89459064302527,1.8400836063225943,2661519.8571428573,-1264581.8571428573,15.285714285714349,15.448053392658458,0.643663230551904,0.3627198782736351,-0.20765307850799453,1.2617809719113093,2.656567605148759,0.17229277977859933,1.7464569602247773,-0.2308140636495859,2.0583095043629394,0.42253820509979756,1.2632371977791974,-0.010387217148777727,0.43704253379675906,-0.8103603448154165,0.3627198782736411,-0.30058937271454383,-0.207653078507996,1.2617809719113073,2.6565676051487572,51.0,0.02598064187468161
1982,1963,1077976,1234730,2026-02-03,1972,1972,2312706,19,1940.7142857142858,1839.7142857142858,1698.9666666666667,1664.6555555555556,1926.9821018106857,1853.477154197759,1963.0,1942.0,1958.0,1946.0,1933.0,1871.0,1876.0,1592.0,33.47493731993962,1.8249075947836289,2780178.5714285714,-467472.57142857136,12.821428571428482,16.150611790878735,0.643663230551904,0.008627012322786827,-0.26127853821316643,0.3136805855242525,2.418150889289335,0.0612863798133864,1.651485092600252,-0.1371477029205448,1.883717906433022,0.24085788403462688,1.376191107675784,-0.2206705755280338,-0.4831234681573249,-0.2753605999286415,0.008627012322785444,0.24413868980973225,-0.26127853821316294,0.31368058552425326,2.418150889289335,92.0,0.04665314401622718
1988,1974,1310342,892052,2026-02-04,1981,1981,2202394,14,1956.4285714285713,1867.142857142857,1713.2333333333333,1665.0333333333333,1940.4865763580142,1870.4802003047248,1972.0,1963.0,1942.0,1958.0,1946.0,1933.0,1871.0,1597.0,17.115851744942027,1.8282150428136177,2891421.8571428573,-689027.8571428573,7.17857142857143,16.96351501668517,0.643663230551904,0.007437490711111048,0.1760617174742414,0.47470269026076306,2.443665316935835,-0.09307190565200574,1.5698462223764529,-0.03789510653779865,1.702816188630853,-0.16599752550329955,1.5077587462154085,-0.9731415644881901,-0.9935490917498668,-0.3976230068253396,0.007437490711108433,-0.02109307225384154,0.17606171747423968,0.4747026902607643,2.443665316935834,62.0,0.031297324583543666
1983,1966,2189009,1527708,2026-02-05,1974,1974,3716717,17,1962.2857142857142,1891.9285714285713,1727.1,1665.0777777777778,1948.8649322685105,1884.2828402640948,1981.0,1972.0,1963.0,1942.0,1958.0,1946.0,1933.0,1627.0,14.591256351226718,1.685350522758922,2872593.714285714,844123.2857142859,5.714285714285771,17.57530589543933,0.04838177737925047,-0.4528864086170595,-0.3135773286145262,-0.3195163347666147,2.0491278632828744,-0.3786796471928095,1.3230850434440373,-0.11974251967008333,1.4471551039899118,-0.2690443357494966,1.6277431200972237,-1.0858333035721544,-0.6864653416050189,0.5297761049295832,-0.452886408617058,-0.36562314884652686,-0.31357732861452725,-0.31951633476661356,2.049127863282875,83.0,0.04204660587639311
1999,1986,380557,168774,2026-02-06,1992,1992,549331,13,1968.857142857143,1909.9285714285713,1741.2,1665.2333333333333,1959.648699201383,1898.6451282288822,1974.0,1981.0,1972.0,1963.0,1942.0,1958.0,1946.0,1740.0,16.293440105718602,1.533658875727213,2724749.5714285714,-2175418.5714285714,6.571428571428473,18.193993325917653,0.643663230551904,0.26635964087053104,-0.16010116200849736,-0.26821165633601945,1.0553625564145988,-0.12795648918060856,1.3431081302398507,0.08698488531113788,1.273297508365882,-0.21191336687108514,1.7088869624528713,-1.0147203761269887,-1.1010974272993117,-1.3737080290336536,0.26635964087052927,-0.17389003810456607,-0.1601011620084941,-0.26821165633601923,1.0553625564145979,76.0,0.03815261044176707
2086,2052,149412,58685,2026-02-07,2069,2069,208097,34,1984.7142857142858,1931.857142857143,1757.2333333333333,1665.8222222222223,1986.986524401037,1921.3591111316978,1992.0,1974.0,1981.0,1972.0,1963.0,1942.0,1958.0,1762.0,40.2977016950992,1.6311576536439256,2293667.4285714286,-2085570.4285714286,15.75000000000001,19.25228031145715,0.643663230551904,1.9454240119885085,0.9991750202475351,0.43028933316377327,1.4822959525466919,1.2032082427815174,1.960724062963898,0.9719856815146539,1.437640909914195,0.39786389936763844,1.7693861460391018,0.005182953931161126,0.8682385521251131,-1.5669432931489298,1.9454240119885062,1.624619813274148,0.9991750202475332,0.4302893331637735,1.4822959525466914,5.0,0.002416626389560174
2090,2057,100702,137216,2026-02-08,2074,2074,237918,33,2003.5714285714287,1953.0,1773.3,1666.4888888888888,2008.7398933007778,1941.7112296474713,2069.0,1992.0,1974.0,1981.0,1972.0,1963.0,1942.0,1778.0,47.261179075658625,1.6140953675085008,1517728.7142857143,-1279810.7142857143,19.214285714285666,20.15639599555056,0.643663230551904,-0.11463022210254839,1.2100817283540766,0.6686861166122211,1.3697105689201692,0.8861210901294608,1.8155142799327546,1.0203597845361738,1.4671281691087155,0.6313989722263007,1.9151824145456011,0.3040507476147419,0.764518082469018,-1.4518668619249808,-0.1146302221025496,1.330550425149001,1.2100817283540797,0.6686861166122225,1.3697105689201707,2.0,0.0009643201542912247
2019,2010,612001,782757,2026-02-09,2014,2014,1394758,9,2010.857142857143,1968.9285714285713,1787.6333333333334,1666.7444444444445,2010.0549199755833,1951.3497323611418,2074.0,2069.0,1992.0,1974.0,1981.0,1972.0,1963.0,1791.0,43.76615348049917,0.615997445681047,1517417.2857142857,-122659.28571428568,14.535714285714423,20.403781979977722,-1.3072591790055317,-1.896598046968672,-0.1295910853251456,-0.21870898941141104,0.7604034259304377,-0.5696783725185594,1.0209948188884357,0.32107941323610967,1.1074181435265296,0.3420190306821098,2.060579901051722,0.2086734268707004,-1.5100710401078625,-0.12320236225319772,-1.8965980469686725,-1.5314741346033824,-0.12959108532514277,-0.21870898941140932,0.7604034259304383,62.0,0.030784508440913606
2074,2053,329861,211944,2026-02-10,2064,2064,541805,21,2024.0,1982.357142857143,1803.8,1667.4333333333334,2023.5411899816875,1966.369768046323,2014.0,2074.0,2069.0,1992.0,1974.0,1981.0,1972.0,1876.0,43.96589587398863,0.46588654526792483,1264431.4285714286,-722626.4285714286,14.678571428571331,20.747942157953265,0.31200642092714,1.1593082138932904,-0.5848063346630584,0.2181676296671417,0.4076305206994665,0.2191437301407126,1.3470386070466838,0.8908545361521516,1.025535014462773,0.3270872655609099,2.0328389687074186,0.16988546745404862,-0.3758739484465449,-0.9783029144941799,1.1593082138932864,-0.6121590297288294,-0.5848063346630579,0.2181676296671407,0.40763052069946687,42.0,0.020348837209302327
2052,2034,2276238,1540232,2026-02-11,2043,2043,3816470,18,2032.857142857143,1994.642857142857,1819.0,1667.9,2028.4058924862657,1976.5871323068136,2064.0,2014.0,2074.0,2069.0,1992.0,1974.0,1981.0,1871.0,39.91836908590575,0.23990140791871628,1495013.7142857143,2321456.2857142854,10.571428571428557,20.79599555061176,-0.38447287928486473,-0.8304048569551361,-1.0085551991678834,-0.10635034261300999,0.2873629097074357,-0.42116599642315694,0.9565204395010245,0.6408733625504665,0.7937572006823479,0.053226213726516265,2.077565064681328,0.010797849724243577,-0.6469835706344863,2.7237708744495515,-0.830404856955135,0.1998322623420303,-1.008555199167885,-0.10635034261301146,0.28736290970743433,104.0,0.05090553108174253
2065,2049,217037,175900,2026-02-12,2057,2057,392937,16,2044.7142857142858,2003.5,1835.1,1668.6888888888889,2035.5544193646992,1987.3088479992384,2043.0,2064.0,2014.0,2074.0,2069.0,1992.0,1974.0,1933.0,30.809707808424495,-0.04018284298135143,1020188.0,-627251.0,4.7499999999999325,20.6418242491657,-0.04391796013358233,0.1375494668514936,0.21894804079017874,0.12081662714178085,-0.11596664922902987,-0.3769975789556216,0.915357507985528,0.7917997798184333,0.6364902930149163,-0.35182642920809626,2.026710678417666,-0.4009667318583566,-0.8521784473328013,-1.0538248896606688,0.1375494668514989,-0.5517426567688449,0.21894804079017796,0.1208166271417813,-0.11596664922903088,113.0,0.054934370442391835
2079,2057,2196647,1289586,2026-02-13,2068,2068,3486233,22,2055.5714285714284,2012.2142857142858,1851.7,1670.2888888888888,2043.6658145235244,1998.0676682660066,2057.0,2043.0,2064.0,2014.0,2074.0,2069.0,1992.0,1946.0,20.95119044242523,-0.05362122875685931,1439745.4285714286,2046487.5714285714,-0.28571428571429947,20.316129032258036,0.31200642092714,0.051989146943739795,-0.43754281213011703,0.03852394923861531,-0.1371097161061508,-0.375360910015785,0.8393451143278139,0.8962374831469877,0.5184483363571852,-0.6977983344148116,1.9523590755536109,-0.8385264292955049,-0.28366255462475504,2.494818505469662,0.051989146943738504,0.10848500198673891,-0.43754281213011725,0.03852394923861458,-0.13710971610614978,110.0,0.05319148936170213
2081,2066,2319559,1311191,2026-02-14,2074,2074,3630750,15,2056.285714285714,2020.5,1868.5,1672.0,2051.2493608926434,2008.1919791638725,2068.0,2057.0,2043.0,2064.0,2014.0,2074.0,2069.0,1958.0,21.561650259364434,-0.09493182206675459,1928695.857142857,1702054.142857143,3.60714285714295,19.807563959955473,0.643663230551904,-0.08707447088377591,0.01006262841246758,-0.7166926077739598,-0.18717774421388378,-0.26404038161859655,0.7129685146241521,0.9410946311355128,0.4065254335271735,-0.43240053570556347,1.855878548736024,-0.814600222848041,-0.9606975186619778,1.5556057979890814,-0.08707447088377016,-0.05933260342130272,0.010062628412466116,-0.7166926077739606,-0.18717774421388236,147.0,0.07087753134040502
2084,2067,746785,433557,2026-02-15,2076,2076,1180342,17,2056.5714285714284,2030.0714285714287,1885.1333333333334,1673.8111111111111,2057.4370206694825,2017.2330486086894,2074.0,2068.0,2057.0,2043.0,2064.0,2014.0,2074.0,1942.0,21.846869667943338,0.16779535077012533,2063327.857142857,-882985.857142857,8.250000000000048,19.13592880978862,0.643663230551904,-0.19719080112689996,-0.1907142613562441,-0.7473845208083223,-0.04552250490392618,-0.2279637956161301,0.5513895103476094,0.9382483016422528,0.28403181103557534,-0.1164801821079625,1.7385617710495844,-0.803101310429456,-0.7705766172100018,-0.7281165617740211,-0.19719080112690227,-0.2450431419708483,-0.1907142613562427,-0.7473845208083234,-0.045522504903926786,107.0,0.051541425818882464
2086,2066,1666239,970211,2026-02-16,2076,2076,2636450,20,2065.4285714285716,2038.142857142857,1901.8,1675.9222222222222,2062.077765502112,2025.068642127531,2076.0,2074.0,2068.0,2057.0,2043.0,2064.0,2014.0,1963.0,12.108635250160537,0.0217868225924268,2240712.4285714286,395737.57142857136,4.2499999999999725,18.235372636262497,0.643663230551904,-0.2520103897024432,-0.3722579013416471,-0.1171878010429183,-0.21155678531483565,-0.41558289452052044,0.37282488606874936,0.9080591286912959,0.1498490196610929,-0.38886178651628583,1.5856084705731293,-1.2265795220300673,-0.48331769325803625,0.3254561949257846,-0.2520103897024432,-0.36773029312757216,-0.3722579013416501,-0.11718780104291655,-0.21155678531483665,188.0,0.0905587668593449
2120,2091,550628,558482,2026-02-17,2106,2106,1109110,29,2071.4285714285716,2047.7142857142858,1919.3333333333333,1678.7444444444445,2073.058324126584,2035.85948984386,2076.0,2076.0,2074.0,2068.0,2057.0,2043.0,2064.0,1972.0,19.45813576942631,0.16779535077012533,2321756.0,-1212646.0,8.392857142857011,17.333481646273608,0.643663230551904,0.569491248344321,0.018698297114557692,-0.33772717911458067,-0.060762701257278576,0.08594516926718886,0.477521343415022,1.2131300422717175,0.1495504074439166,-0.11489350660406983,1.3904915207003805,-0.9190316735164267,0.33890300644872995,-0.8925501661428575,0.5694912483443196,0.20201472441264157,0.01869829711455846,-0.3377271791145816,-0.060762701257279984,134.0,0.06362773029439696
2172,2122,604227,560455,2026-02-18,2147,2147,1164682,50,2086.285714285714,2059.5714285714284,1938.7666666666667,1682.9222222222222,2091.543743094938,2050.678224531345,2106.0,2076.0,2076.0,2074.0,2068.0,2057.0,2043.0,1981.0,30.63067245818259,0.3558052182983027,1942929.142857143,-778247.142857143,12.4285714285714,16.35172413793099,0.643663230551904,0.8547153688285579,0.6535018117836394,0.30803427819741985,0.16927863204022744,0.6239057102233165,0.6653025160267181,1.6237061514955151,0.2838331330498946,0.14007373849571686,1.1738423950842773,-0.4651764042621699,2.230946879279867,-0.6803849991084716,0.8547153688285518,1.036341682832331,0.6535018117836384,0.3080342781974192,0.16927863204022664,147.0,0.06846762925011644
2182,2158,337952,378371,2026-02-19,2170,2170,716323,24,2102.4285714285716,2073.5714285714284,1958.0333333333333,1687.6444444444444,2111.157807321203,2066.5877945938328,2147.0,2106.0,2076.0,2076.0,2074.0,2068.0,2057.0,1974.0,40.73433090512321,0.5756108283657332,1989127.142857143,-1272804.142857143,17.214285714285737,15.452057842046656,0.643663230551904,0.35697983252169146,1.0281695663151356,0.39317664299871724,0.3942381172157789,0.7555827772703266,0.6810263497052242,1.8180706938056455,0.41674982478600714,0.44316852897065057,0.9991966855557178,-0.05849108941218544,-0.1998535876562807,-1.0974663702295049,0.35697983252169635,0.8753434225633104,1.0281695663151331,0.3931766429987156,0.3942381172157801,12.0,0.005529953917050691
2189,2166,743027,774957,2026-02-20,2178,2178,1517984,23,2118.1428571428573,2086.8571428571427,1977.4,1692.5333333333333,2127.868355490902,2081.442755314655,2170.0,2147.0,2106.0,2076.0,2076.0,2074.0,2068.0,1992.0,46.10288700806646,0.5295895645263142,1707948.7142857143,-189964.71428571432,20.392857142857075,14.381312569521654,0.643663230551904,-0.04243282895465661,0.6530841219792588,0.35634394665773944,0.30832821627877655,0.5873960856909562,0.5550525869486159,1.8376362964184032,0.4765584690879185,0.6453588916347266,0.8166325422720612,0.15780880527702845,-0.29919764833749246,-0.1761631496939595,-0.04243282895466079,0.20150290808634777,0.6530841219792557,0.3563439466577413,0.3083282162787757,-111.0,-0.05096418732782369
2238,2204,440740,290370,2026-02-21,2221,2221,731110,34,2139.1428571428573,2097.714285714286,1997.2,1697.9555555555555,2151.1512666181766,2100.0503879393677,2178.0,2170.0,2147.0,2106.0,2076.0,2076.0,2074.0,2069.0,55.222062533724134,0.3511912131080325,1293714.4285714286,-562604.4285714286,25.107142857142826,13.536373748609533,0.643663230551904,0.8703313339761369,0.6625079198946299,0.7301070340495117,0.01929390151151683,1.0211236567255233,0.7513721426083653,2.2475769396734386,0.641058157436916,0.9197956493833607,0.6374194365010342,0.4914797490410467,0.64467907790799,-0.7401983445900768,0.8703313339761368,0.5843966065810271,0.6625079198946303,0.7301070340495103,0.01929390151151663,-103.0,-0.046375506528590724
2193,2173,2555025,2165846,2026-02-22,2183,2183,4720871,20,2154.4285714285716,2105.5,2011.9666666666667,1702.8555555555556,2159.1134499636323,2111.110336214119,2221.0,2178.0,2170.0,2147.0,2106.0,2076.0,2076.0,2074.0,49.324967115596955,-0.2503158814739059,1799504.2857142857,2921366.7142857146,20.785714285714334,12.961290322580606,-0.22550633949920168,-1.2246446568828853,-0.3004859177569622,0.32147278413875924,-0.28428707268427966,-0.06262876370963781,0.2509057066946213,1.7436468252723143,0.5117344572478261,0.6677677477464123,0.5819404855862281,0.2866799533108275,-0.5771845580094801,2.8468582338972563,-1.224644656882888,-0.3114862457630191,-0.3004859177569625,0.32147278413875974,-0.2842870726842793,-123.0,-0.05634448007329363
2288,2239,656645,638030,2026-02-23,2264,2264,1294675,49,2181.285714285714,2123.3571428571427,2028.7,1708.6,2185.3350874727244,2131.495624718903,2183.0,2221.0,2178.0,2170.0,2147.0,2106.0,2076.0,2014.0,50.66791978402542,1.04229682810674,1607822.142857143,-313147.14285714296,21.32142857142861,12.86340378197995,0.643663230551904,1.8573258363991179,0.8322419802228455,1.146034993516165,0.7548811296335439,1.0061116956812488,0.8240627141279354,2.5764106476020388,0.7161332377839194,0.653060583362704,0.4917962511460195,0.2672509956944147,1.9039088532002608,-0.32175190838280693,1.857325836399121,0.4094305630779861,0.8322419802228459,1.1460349935161664,0.7548811296335425,-172.0,-0.07597173144876325
2260,2219,208458,404273,2026-02-24,2240,2240,612731,41,2200.4285714285716,2135.9285714285716,2044.1,1714.2111111111112,2199.0013156045434,2145.9628747563825,2264.0,2183.0,2221.0,2178.0,2170.0,2147.0,2106.0,2064.0,42.066840238142404,0.45929076328007495,1536910.857142857,-924179.857142857,16.857142857142733,12.497664071190174,-0.03665843021684294,-0.8546384464462857,-0.2137796315553507,0.576895364350039,0.19069707075097675,0.14202355161692354,0.4512629758077675,2.2220682119648467,0.6720570175665456,0.3855844308135322,0.455690186127115,-0.05774555032887568,1.240064862999025,-1.0302708681359651,-0.8546384464462877,0.6945960360649129,-0.21377963155535182,0.5768953643500369,0.19069707075097775,-94.0,-0.04196428571428571
2308,2279,1372226,737299,2026-02-25,2294,2294,2109525,29,2221.4285714285716,2153.8571428571427,2060.866666666667,1720.9222222222222,2222.7509867034078,2165.701158122198,2240.0,2264.0,2183.0,2221.0,2178.0,2170.0,2147.0,2043.0,47.31404704336135,1.0068534788876347,1671888.4285714286,437636.57142857136,19.25000000000005,12.364404894326961,0.643663230551904,1.1184303786248546,1.2164697937215316,0.6791780332780121,0.7364057891591742,0.7785154289701952,0.7711150236312737,2.729926547809441,0.8039865058141101,0.5079997658802667,0.38889980996164947,0.10884211643145163,0.11457489998345706,0.4738482106560226,1.118430378624853,0.15132089474049806,1.216469793721529,0.6791780332780105,0.7364057891591754,-141.0,-0.06146469049694856
2193,2170,790606,527366,2026-02-26,2182,2182,1317972,23,2223.1428571428573,2162.785714285714,2071.0666666666666,1727.2111111111112,2212.563240027556,2167.8743370392385,2294.0,2240.0,2264.0,2183.0,2221.0,2178.0,2170.0,2057.0,45.31529753271577,-0.42674678443067615,1757838.2857142857,-439866.2857142857,7.678571428571477,11.870967741935429,-2.558540448583749,-3.027497005010913,-1.7279322549665537,-0.6508979596476065,-0.16505186432503144,-1.4395355178300406,-0.3308934168085562,1.3831570210218656,0.33948845103090375,-0.18079275305192286,0.40671219203275755,0.12172027377066813,-0.3030458234757761,-0.41841487807477346,-3.0274970050109133,-1.5023233855089735,-1.7279322549665526,-0.6508979596476091,-0.16505186432503113,-22.0,-0.01008249312557287
2078,2056,1897774,1018012,2026-02-27,2067,2067,2915786,22,2207.285714285714,2162.714285714286,2077.6,1732.3333333333333,2176.172430020667,2154.424425434007,2182.0,2294.0,2240.0,2264.0,2183.0,2221.0,2178.0,2068.0,74.0533912924123,-1.3681886336649522,1957524.2857142857,958261.7142857143,-15.500000000000162,10.464961067853153,-2.6729048656957364,-3.2481194802506255,-3.1149052997296787,-1.8448013031236459,-1.0543319452851934,-3.3920601118828992,-1.4163399613717216,0.028235844627651673,-0.5135305674396009,-1.7383416566150898,0.2735963160297836,1.4811803329912803,-0.28263947062299105,0.8707807978346938,-3.248119480250628,-4.588814257742701,-3.114905299729679,-1.844801303123646,-1.0543319452851936,135.0,0.06531204644412192
2128,2107,2210211,1903966,2026-02-28,2118,2118,4114177,21,2192.5714285714284,2165.8571428571427,2083.766666666667,1737.888888888889,2161.6293225155005,2149.5678353761396,2067.0,2182.0,2294.0,2240.0,2264.0,2183.0,2221.0,2074.0,80.79987034408786,-1.111693014751913,2440819.5714285714,1673357.4285714286,-23.107142857142776,9.7283648498331,-1.927772826450672,1.1506231763327022,-3.0976494207561047,-1.7478276837778406,-0.7393015868742291,-2.111525742039817,-1.0179734233422242,0.5215822979360094,-0.8770881479489286,-2.220555047909316,0.10798636093953898,1.6908607856890077,-0.42743918680467924,1.2124324863276155,1.1506231763326973,-1.6475645349558783,-3.0976494207561065,-1.7478276837778421,-0.7393015868742291,72.0,0.0339943342776204
2070,2050,2394208,1890657,2026-03-01,2060,2060,4284865,20,2175.0,2164.714285714286,2087.5666666666666,1743.2222222222222,2136.2219918866253,2137.6254573259876,2118.0,2067.0,2182.0,2294.0,2240.0,2264.0,2183.0,2076.0,95.30127666162554,-1.4455759054109736,2378533.0,1906332.0,-38.67857142857147,8.624916573971035,-2.6729048656957364,-1.808752115134211,-2.3939044248805486,-1.9585042350764206,-1.1592070813387763,-2.9290713240338686,-1.5662666153476974,-0.19337312674995075,-1.3853257739043465,-3.3325570307461416,-0.035283961996146855,2.423335830474581,-0.4684434447686141,1.414417568666441,-1.8087521151342127,-0.5515347115716397,-2.3939044248805486,-1.9585042350764212,-1.1592070813387767,139.0,0.06747572815533981
2100,2083,1899187,1607529,2026-03-02,2092,2092,3506716,17,2150.4285714285716,2165.8571428571427,2092.0333333333333,1749.088888888889,2125.166493914969,2131.542063015856,2060.0,2118.0,2067.0,2182.0,2294.0,2240.0,2264.0,2076.0,90.58671194471479,-1.2822980816188165,2694538.8571428573,812177.1428571427,-34.857142857142954,7.759955506117849,-2.219357091849905,0.6310639924775356,-0.09406048584564673,-2.3732913355448937,-0.93541574238992,-1.8150534867097954,-1.3222351639540688,0.08355546558295868,-1.5746278223046624,-3.0337245517608893,-0.20364952687644963,2.156000766264141,-0.7830263347554023,0.5429545192984236,0.6310639924775333,-0.9270620259230208,-0.09406048584564958,-2.3732913355448946,-0.9354157423899211,8.0,0.0038240917782026767
2162,2131,1668984,1416820,2026-03-03,2146,2146,3085804,31,2137.0,2168.714285714286,2098.8333333333335,1755.411111111111,2130.374870436227,2133.4697879470755,2092.0,2060.0,2118.0,2067.0,2182.0,2294.0,2240.0,2106.0,81.61903372785669,-1.1691825865257481,3047835.0,37969.0,-22.53571428571434,7.073414905450469,-1.453995223485065,1.215383167206325,-0.05600880848015589,-1.6546043660504002,-0.7715571266923261,-0.45488387738889624,-0.9061413263071759,0.5947315563060269,-1.449718008715708,-2.1627895958479035,-0.34936094476040236,1.6803854125820257,0.4731411905310812,0.03937979288354963,1.215383167206325,1.3551758873072766,-0.056008808480153785,-1.6546043660504013,-0.7715571266923259,38.0,0.017707362534948742
2161,2145,1190047,1394720,2026-03-04,2153,2153,2584767,16,2116.8571428571427,2169.1428571428573,2105.1666666666665,1761.7111111111112,2136.0311528271704,2136.073816220799,2146.0,2092.0,2060.0,2118.0,2067.0,2182.0,2294.0,2147.0,46.07395711040942,-1.3317187800701928,3115726.714285714,-530959.7142857141,1.6071428571428241,6.486095661846458,-0.14470131691679758,-0.06657917186932956,1.0236463507053408,-2.066710789055275,-1.006738156770804,0.1025960781149745,-0.9015329084530833,0.5870341779591214,-1.3337062768344372,-0.5727421869410128,-0.44932413798657844,0.1787850905105056,-0.9211218188785888,-0.27931309857542524,-0.06657917186933424,0.8233534922624772,1.0236463507053395,-2.066710789055275,-1.0067381567708034,59.0,0.02740362285183465
2164,2156,1522923,1392420,2026-03-05,2160,2160,2915343,8,2113.714285714286,2168.4285714285716,2111.4333333333334,1768.1555555555556,2142.023364620378,2139.263974058026,2153.0,2146.0,2092.0,2060.0,2118.0,2067.0,2182.0,2170.0,41.403358501942996,-1.413797600890022,3343922.5714285714,-428579.57142857136,15.535714285714453,5.9214682981089695,0.643663230551904,-0.06718206017627337,0.5961601095563119,-0.9808393007016596,-1.1142167718381137,0.3116775854536191,-0.8963545226860771,0.5774631447295212,-1.227492143318792,0.33850248299373736,-0.5449352413182239,-0.022683489285298793,-1.6621432034016583,-0.20568981123469623,-0.06718206017626956,-0.13286913055916938,0.5961601095563145,-0.9808393007016601,-1.1142167718381137,48.0,0.022222222222222223
2227,2178,695552,737069,2026-03-06,2202,2202,1432621,49,2133.0,2170.1428571428573,2118.8,1775.0,2157.0175234652834,2147.6287775169562,2160.0,2153.0,2146.0,2092.0,2060.0,2118.0,2067.0,2178.0,47.07086855656039,-1.243752690068996,3132041.8571428573,-1699420.8571428573,18.321428571428545,5.606229143492714,0.643663230551904,0.853365703269364,0.3793972569772789,0.61249039488446,-0.8873283472438875,0.7646457036590537,-0.595400234437188,0.9436599105268233,-0.977592868721358,0.49794894260845113,-0.6138494805147791,0.1766661985505489,2.025044972386104,-0.9279189059502118,0.8533657032693677,0.5529929088400061,0.37939725697727944,0.6124903948844599,-0.887328347243886,12.0,0.005449591280653951
2201,2178,254516,245707,2026-03-07,2190,2190,500223,23,2143.285714285714,2167.9285714285716,2126.0,1782.2666666666667,2165.2631425989625,2153.278273848029,2202.0,2160.0,2153.0,2146.0,2092.0,2060.0,2118.0,2221.0,50.95329327178386,-1.5217569751089988,2615762.714285714,-2115539.714285714,22.285714285714324,5.06696329254723,0.3633898703056245,-0.5618082826334279,0.07808919440697869,-0.04935383252909964,-1.24995542651699,0.30724935062061104,-0.7649560560011393,0.7158226016274695,-0.8807574969128582,0.7602914162894482,-0.6957534846757404,0.3472836263004355,-0.3107000019700054,-1.391786698310593,-0.5618082826334295,0.17827371340069914,0.07808919440698117,-0.04935383252909833,-1.2499554265169908,10.0,0.0045662100456621
2215,2183,894653,946816,2026-03-08,2199,2199,1841469,32,2163.1428571428573,2169.0714285714284,2132.9,1789.7888888888888,2173.697356949222,2159.374504001625,2190.0,2202.0,2160.0,2153.0,2146.0,2092.0,2060.0,2183.0,38.697237504484946,-1.2759951168276669,2266706.1428571427,-425237.1428571427,16.357142857142836,4.613793103448244,0.5532113733815139,-0.01838882797846379,0.10751858398448004,0.6582159652235843,-0.9409003216999352,0.0810368841947277,-0.7485409942998624,0.7131980575765052,-0.7942358288338706,0.3732765145827982,-0.7717550245130516,-0.16447011495484587,0.49432932213828545,-0.3092680131369487,-0.018388827978459744,-0.4660235021468334,0.10751858398448218,0.6582159652235854,-0.9409003216999365,-11.0,-0.0050022737608003635
2104,2097,929974,330655,2026-03-09,2100,2100,1260629,7,2164.285714285714,2157.3571428571427,2133.9333333333334,1796.1,2155.2730177119165,2151.4579034680755,2199.0,2190.0,2202.0,2160.0,2153.0,2146.0,2092.0,2264.0,36.28918243646563,-2.2206786814964286,1945836.5714285714,-685207.5714285714,-0.5714285714285896,3.9608453837596986,-2.6729048656957364,-2.8113298175927404,-2.0695750834601316,-0.6869483263971813,-2.0990022028300506,-1.9248089935448123,-1.6161601723345098,-0.43529130054597276,-1.1882946120653082,-0.7167341943124816,-0.8465105104875355,-0.19309605474061903,-1.7357666016886064,-0.5960141502654166,-2.8113298175927404,-2.144582113534885,-2.069575083460131,-0.6869483263971807,-2.0990022028300515,82.0,0.039047619047619046
2194,2174,849971,729919,2026-03-10,2184,2184,1579890,20,2169.714285714286,2153.3571428571427,2137.6,1803.3,2162.4547632839376,2155.796849672332,2100.0,2199.0,2190.0,2202.0,2160.0,2153.0,2146.0,2240.0,35.93843942874761,-1.6313422139277935,1730706.0,-150816.0,-1.0714285714285485,3.8705228031145147,0.058386507684673176,2.0219061444109987,-0.5957328656542484,-0.393550055185014,-1.4102729897220245,-0.35204892313397074,-0.9203180928704126,0.3745913613530912,-1.0816542350372091,-0.7476187191671128,-0.8866708167651077,-0.2675958581535384,-0.5780184374180247,-0.13419384508580612,2.0219061444109965,-0.6966364466533204,-0.595732865654249,-0.3935500551850121,-1.4102729897220243,23.0,0.010531135531135532
2233,2192,611230,817109,2026-03-11,2212,2212,1428339,41,2178.1428571428573,2147.5,2144.2,1810.7666666666667,2174.841072462953,2163.2906030493546,2184.0,2100.0,2199.0,2190.0,2202.0,2160.0,2153.0,2294.0,38.2118156745424,-1.7708081556482693,1565502.0,-137163.0,1.0714285714287,3.4981090100110848,0.643663230551904,0.47680901225699013,-0.3031577071271653,-0.18863681362663406,-1.5662800149040943,0.036291856128603577,-0.7368935103592487,0.5768843040536713,-0.8991293848999851,-0.6097936300428303,-0.9539436388413802,-0.1936180393297653,1.2861210914707992,-0.13502106109442064,0.4768090122569925,1.8446213605989183,-0.30315770712716567,-0.18863681362663356,-1.5662800149040939,0.0,0.0
2220,2195,1551050,1354308,2026-03-12,2208,2208,2905358,25,2185.0,2149.3571428571427,2149.0,1818.3444444444444,2183.1308043472145,2169.2518559761074,2212.0,2184.0,2100.0,2199.0,2190.0,2202.0,2160.0,2182.0,38.7169213652423,-1.2091987709277185,1564075.5714285714,1341282.4285714286,1.6785714285714095,3.3566184649610253,0.5252143699716312,-0.3548095096894908,1.2361218057246612,-0.29813651393660967,-0.8743141428579413,-0.18118694916039393,-0.8139659444788662,0.4360079328838758,-0.8132784244574863,-0.5707975776983746,-0.9755280444701787,-0.17014085792530775,-0.14766188537938052,1.5121533477699172,-0.35480950968948843,0.05576711497643764,1.2361218057246632,-0.29813651393660817,-0.8743141428579408,15.0,0.006793478260869565
2218,2209,343355,405810,2026-03-13,2214,2214,749165,9,2186.714285714286,2159.8571428571427,2154.7,1826.0333333333333,2190.848103260411,2175.218275179293,2208.0,2212.0,2184.0,2100.0,2199.0,2190.0,2202.0,2067.0,39.84433998165594,-0.3067541613781061,1466439.0,-717274.0,7.214285714285787,3.0449388209120776,0.643663230551904,-0.09753236428712418,-0.03855052410683525,-0.6525962812464565,-0.014793715781555724,-0.09659895451162277,-0.8127336418255287,0.40070081881365,-0.7494314408176527,-0.21762808384176047,-1.0266177432295924,-0.12845962759835114,-1.590315497755855,-0.8347430600769445,-0.09753236428712805,-0.3702718215822869,-0.03855052410683362,-0.6525962812464584,-0.014793715781556933,36.0,0.016260162601626018
2212,2187,303211,245659,2026-03-14,2200,2200,548870,25,2188.1428571428573,2165.714285714286,2159.4666666666667,1833.6,2193.1360774453083,2178.5225051553875,2214.0,2208.0,2212.0,2184.0,2100.0,2199.0,2190.0,2118.0,40.15979984775676,-0.7256187267612293,1473388.5714285714,-924518.5714285714,9.107142857142748,2.663403781979959,0.23636539417061464,-0.6114822898558755,-0.6865414951895689,-0.6712649747920303,-0.48521793907248073,-0.402556767588357,-0.9746505349388391,0.15648413196663882,-0.7881421193493967,-0.09306686075501755,-1.0846805320297386,-0.10517584191537184,-0.1394774661034104,-1.0758514108716766,-0.6114822898558777,-0.5615315800584,-0.6865414951895685,-0.6712649747920294,-0.48521793907248156,48.0,0.02181818181818182
2208,2167,1251738,881534,2026-03-15,2188,2188,2133272,41,2186.5714285714284,2174.8571428571427,2163.4666666666667,1841.0444444444445,2191.8520580839813,2179.7861711346695,2200.0,2214.0,2208.0,2212.0,2184.0,2100.0,2199.0,2060.0,39.87838655572805,-0.2571320925156929,1515074.7142857143,618197.2857142857,10.642857142857057,2.2166852057841537,-0.1127470370133475,-0.5620899170815506,-0.8094022467887674,-0.8734778867294817,-0.14519331544138991,-0.6091025901172472,-1.1121272616838112,-0.0632109029973445,-0.8832321104051865,0.009364707432010478,-1.1543277405031036,-0.10774881864082723,1.3265360634387178,0.7287548889846273,-0.5620899170815487,-0.9045755821277438,-0.8094022467887663,-0.873477886729483,-0.14519331544138891,22.0,0.010054844606946984
2205,2159,792321,906854,2026-03-16,2182,2182,1699175,46,2198.285714285714,2181.285714285714,2167.0666666666666,1848.5555555555557,2189.389043562986,2180.0813483167135,2188.0,2200.0,2214.0,2208.0,2212.0,2184.0,2100.0,2092.0,13.585706774908811,-0.5325535069046083,1577724.142857143,121450.85714285704,-2.2142857142857078,1.7192436040044163,-2.6729048656957364,-0.4079004628820689,-0.9918666198345227,0.05743836661748567,-0.4227121383042949,-0.9585140364686414,-1.1944401982298607,-0.2192387659868534,-0.9858845465532622,-0.8217250005730897,-1.2337282055112684,-1.191047537296188,1.7922855393195887,0.1518218004912217,-0.4079004628820666,-0.7541128702428626,-0.9918666198345228,0.05743836661748656,-0.42271213830429577,94.0,0.04307974335472044
2221,2193,370090,471413,2026-03-17,2207,2207,841503,28,2201.5714285714284,2185.6428571428573,2171.4333333333334,1856.7222222222222,2193.7917826722396,2183.670501874485,2182.0,2188.0,2200.0,2214.0,2208.0,2212.0,2184.0,2146.0,12.272695206083686,-0.7539096341992046,1472240.2857142857,-630737.2857142857,-3.3214285714287204,1.3488320355950443,-0.08183604050226737,0.39931767346020286,-0.39547904689161417,-0.545206868167774,-0.6346244361081834,-0.5305479395981875,-1.018884344649943,-0.059384726499138146,-0.9562417872407427,-0.8910163333739987,-1.2960528329706047,-1.2511233341006205,0.12356613520293612,-0.7289486857135433,0.3993176734602056,-0.04162050324556271,-0.395479046891614,-0.5452068681677734,-0.634624436108185,89.0,0.04032623470774807
2223,2202,1189288,1329194,2026-03-18,2212,2212,2518482,21,2201.5714285714284,2189.8571428571427,2175.9666666666667,1865.2111111111112,2198.3438370041795,2187.4477682912207,2207.0,2182.0,2188.0,2200.0,2214.0,2208.0,2212.0,2153.0,12.272695206083686,-0.7705162089537461,1627975.0,890507.0,-0.7142857142856862,0.9523915461623382,0.4363777245364264,-0.12322037304445345,-0.1321360574076329,-0.7677637146684312,-0.6494529242916073,-0.43211346004512663,-1.0155476376828882,-0.11211897527136411,-0.9281694023517374,-0.7239163153049759,-1.3597328287816963,-1.2522580854086265,-0.5111951415740495,0.9709447631176417,-0.12322037304445506,0.17235788991559686,-0.13213605740763082,-0.7677637146684314,-0.6494529242916068,50.0,0.022603978300180832
2232,2214,421974,545265,2026-03-19,2223,2223,967239,18,2203.714285714286,2194.3571428571427,2179.866666666667,1873.7333333333333,2204.5078777531344,2192.1880658523914,2212.0,2207.0,2182.0,2188.0,2200.0,2214.0,2208.0,2160.0,14.659630346879498,-0.7374891275091382,1351100.857142857,-383861.85714285704,2.4999999999999467,0.7733036707452163,0.643663230551904,0.030687190261934394,0.13235931640991505,-0.6241956166186199,-0.6238562376970626,-0.25811300138126575,-0.9558322621683075,-0.10290693674044345,-0.8763787769334144,-0.5192860753342716,-1.388889513653269,-1.1578018522835523,-0.7887968188641751,-0.4774567574760957,0.030687190261931035,-0.1022033805759119,0.1323593164099185,-0.6241956166186213,-0.623856237697061,32.0,0.014394961763382817
2266,2234,1586192,1668330,2026-03-20,2250,2250,3254522,32,2208.8571428571427,2197.785714285714,2183.3,1882.5111111111112,2215.880908314851,2199.8963237387393,2223.0,2212.0,2207.0,2182.0,2188.0,2200.0,2214.0,2202.0,22.879602061193985,-0.8653242124866232,1709009.0,1545513.0,8.928571428571418,0.9991101223581533,0.643663230551904,0.438450096364391,0.1558072821190495,-0.4241340555963636,-0.7308326518794535,0.1698838564671569,-0.7566928445075572,0.06733949464903825,-0.7428911568005919,-0.11729084164489594,-1.354975559585773,-0.8351342220231482,0.42876130794767203,1.593672488469092,0.43845009636439064,0.31726687603662024,0.15580728211905048,-0.4241340555963656,-0.7308326518794549,11.0,0.004888888888888889
2262,2234,1250859,651236,2026-03-21,2248,2248,1902095,28,2215.714285714286,2201.9285714285716,2185.9,1891.1555555555556,2223.910681236138,2206.310147240241,2250.0,2223.0,2212.0,2207.0,2182.0,2188.0,2200.0,2190.0,26.662797338373537,-0.7437598674779136,1902326.857142857,-231.85714285704307,11.857142857142778,1.3248053392657995,0.5461171100740322,-0.3025418682383003,0.047299459357845706,-0.30667519031355195,-0.6628041695676323,-0.0058712200740886735,-0.7963013929398007,-0.05866248935267785,-0.6852128490279686,0.06737220803075263,-1.3037516077970528,-0.6823885046570706,0.07756983796964541,0.017457057366310893,-0.30254186823829743,0.06662642564008407,0.047299459357848184,-0.3066751903135504,-0.6628041695676334,16.0,0.0071174377224199285
2226,2194,510225,365045,2026-03-22,2210,2210,875270,32,2218.8571428571427,2202.714285714286,2186.9666666666667,1899.6222222222223,2220.433010927103,2206.8021276082086,2248.0,2250.0,2223.0,2212.0,2207.0,2182.0,2188.0,2199.0,24.01685915793211,-1.2542119973128654,1722612.2857142857,-847342.2857142857,7.285714285714435,1.4258064516128583,-1.3072591790055317,-1.2129626616809894,-0.7008463870910794,-0.5552724309735005,-0.9746860847805021,-0.8104309059647792,-1.12707220422814,-0.5475714873663629,-0.8312214303978313,-0.2122253092619241,-1.284064474897691,-0.7720624858277146,0.47993123544484506,-0.8395658925298486,-1.2129626616809877,-1.1594983413922373,-0.7008463870910776,-0.5552724309735022,-0.9746860847805029,66.0,0.02986425339366516
2299,2254,743311,974670,2026-03-23,2276,2276,1717981,45,2232.285714285714,2215.285714285714,2188.8,1908.9555555555555,2234.3247581953274,2216.0285105937805,2210.0,2248.0,2250.0,2223.0,2212.0,2207.0,2182.0,2100.0,26.15794516472105,0.5370311239005295,1725298.857142857,-7317.857142857043,8.142857142857268,2.2349276974415466,0.643663230551904,1.445710099567766,-0.112297358608909,0.14265015292809333,0.16947406819185745,0.21133785360209462,-0.5848229864141181,0.010586854962221864,-0.6625922221071413,-0.1725011727083193,-1.1653131949967697,-0.7155860526619275,1.5318701300136623,0.01027769405383316,1.445710099567772,0.11772025521721419,-0.11229735860890858,0.14265015292809116,0.16947406819185784,-2.0,-0.0008787346221441124
2308,2283,1312281,1256137,2026-03-24,2296,2296,2568418,25,2245.0,2223.285714285714,2192.5666666666666,1918.4222222222222,2249.7435686464955,2226.691375847943,2276.0,2210.0,2248.0,2250.0,2223.0,2212.0,2207.0,2184.0,32.64455033645203,0.13942635151823105,1972001.0,596417.0,11.35714285714283,2.88654060066737,0.643663230551904,0.24753190689541535,0.21900779658735697,0.08445963781500691,-0.3027748418998861,0.3471894645803872,-0.4491017360245673,0.0983481603465638,-0.49260249158171304,0.02099863664267188,-1.0682616177062858,-0.46957486749489047,-0.23392623489091124,0.5447434912762968,0.2475319068954126,1.2354715228365714,0.2190077965873594,0.08445963781500854,-0.30277484189988674,7.0,0.003048780487804878
2280,2244,1404846,1161953,2026-03-25,2262,2262,2566799,36,2252.1428571428573,2226.8571428571427,2192.5,1927.1555555555556,2252.8076764848715,2231.399192401551,2296.0,2276.0,2210.0,2248.0,2250.0,2223.0,2212.0,2212.0,29.54334990843153,-0.7066463768479041,1978903.4285714286,587895.5714285714,8.46428571428559,3.827141268075564,-0.6675381098250702,-1.0938348905719684,0.29263256278987376,-0.29006877721517604,-0.7191363866765779,-0.44772061672707586,-0.7354357292246372,-0.3473589599862541,-0.5541057560920218,-0.14928286443120917,-0.914980388182089,-0.5740517206059341,0.7652807772528952,0.5354006436966472,-1.0938348905719657,-0.6683260900286789,0.29263256278987665,-0.2900687772151754,-0.7191363866765773,42.0,0.01856763925729443
2279,2231,93193,36429,2026-03-26,2255,2255,129622,48,2256.714285714286,2230.214285714286,2193.0,1936.111111111111,2253.3557573636535,2234.545966748011,2262.0,2296.0,2276.0,2210.0,2248.0,2250.0,2223.0,2208.0,26.612743098760046,-0.7527410371767821,1859243.857142857,-1729621.857142857,4.6071428571429776,4.557953281423772,-0.9374913269615058,-0.4279323143133416,-0.8151087538124943,-0.4635517627773734,-0.7382680394130688,-0.6703439680768273,-0.7988468871847465,-0.5221295503061679,-0.6495044632349444,-0.3894452456863148,-0.7988579207447914,-0.6877162205972167,1.8329276554089002,-1.6035564782517218,-0.42793231431334156,-1.1628511535596382,-0.8151087538124958,-0.4635517627773718,-0.7382680394130674,69.0,0.030598669623059866
2275,2247,1437179,1291175,2026-03-27,2261,2261,2728354,28,2258.285714285714,2233.5714285714284,2191.9,1944.9888888888888,2255.26681802274,2238.0731711816093,2255.0,2262.0,2296.0,2276.0,2210.0,2248.0,2250.0,2214.0,26.47460598209671,-0.7527410371767821,1784077.0,944277.0,4.107142857142764,5.6932146829810035,-0.706102855130275,-0.10075208366385392,-1.018597069388997,-0.6644457305074289,-0.7391055553275697,-0.5853257809840869,-0.7386516725315284,-0.5652462673417709,-0.7091354890636427,-0.4214735333099643,-0.6237094568240646,-0.6960590609066446,0.06333396388068928,0.9400593892410156,-0.10075208366385524,-0.4271445579409783,-1.0185970693889967,-0.6644457305074304,-0.7391055553275695,68.0,0.03007518796992481
2276,2251,341128,389037,2026-03-28,2264,2264,730165,25,2260.5714285714284,2238.1428571428573,2194.633333333333,1954.0777777777778,2257.450113517055,2241.530081690728,2261.0,2255.0,2262.0,2296.0,2276.0,2210.0,2248.0,2200.0,26.126979305338015,-0.49751604650560294,1616658.4285714286,-886493.4285714286,3.2500000000000875,6.090100111234674,-0.5904086192146599,-0.17658193324136146,-0.47318042779758035,-0.6173493087400898,-0.6249561212663272,-0.5716834000625759,-0.7371299467150527,-0.6400588598316328,-0.7561699985761369,-0.47533452422320366,-0.563075150991643,-0.711321431060492,-0.20333328858165015,-0.9379521966440701,-0.17658193324136054,-0.23986136499278293,-0.47318042779757724,-0.6173493087400895,-0.6249561212663267,117.0,0.05167844522968198
2282,2269,21553,75355,2026-03-29,2276,2276,96908,13,2270.0,2244.4285714285716,2201.6,1963.0333333333333,2262.0875851377914,2246.1260707986307,2264.0,2261.0,2255.0,2262.0,2296.0,2276.0,2210.0,2188.0,13.868429375234314,-0.1733140032955282,1505463.857142857,-1408555.857142857,-2.321428571428681,5.734816462736316,-0.9741748651786523,0.04930363866948117,-0.18814795998364114,-0.13663575712385653,-0.4633878496801537,-0.5228590235490234,-0.6966801936841774,-0.6240724969810723,-0.7558508464243813,-0.8224549361648948,-0.623115860598895,-1.2030479887242755,-1.2629724060110865,-1.61287435837087,0.04930363866947899,-0.12820238332533765,-0.18814795998364006,-0.13663575712385445,-0.46338784968015456,114.0,0.05008787346221441
2285,2262,616802,638355,2026-03-30,2274,2274,1255157,23,2269.714285714286,2251.0,2206.8,1971.5666666666666,2265.0656888533435,2249.8425946921466,2276.0,2264.0,2261.0,2255.0,2262.0,2296.0,2276.0,2182.0,13.744262872460276,-0.1000125077376941,1439346.142857143,-184189.14285714296,-1.0357142857142019,5.625361512791954,-1.1359586747517079,-0.3019646193622316,-0.30863990972087807,-0.7863342103036977,-0.43516722922628903,-0.5555803333032636,-0.758519994872531,-0.7406413127040403,-0.7834168300003401,-0.7426537144999911,-0.63930598515072,-1.207493559745735,-0.3878173649784907,-0.20534216849349118,-0.3019646193622288,-0.2218719790161329,-0.30863990972087824,-0.7863342103036969,-0.43516722922628975,108.0,0.047493403693931395
2324,2282,318745,357345,2026-03-31,2303,2303,676090,42,2270.714285714286,2257.8571428571427,2214.9,1980.4666666666667,2274.5492666400078,2256.930248733194,2274.0,2276.0,2264.0,2261.0,2255.0,2262.0,2296.0,2207.0,16.038643809269708,-0.06524665555883631,1169013.5714285714,-492923.57142857136,6.285714285714383,5.233592880978859,0.643663230551904,0.4729629995817458,0.07946982805874189,-0.7033331535924211,-0.4157878690580629,-0.021168241116552217,-0.5859908374886217,-0.5578507639883221,-0.6990573106194814,-0.2924285017752445,-0.710270094548804,-1.1244250958638906,1.2268478965512346,-0.717163735015316,0.4729629995817448,0.09268566993585338,0.07946982805874532,-0.703333153592419,-0.4157878690580628,95.0,0.04125054277029961
2313,2296,357323,330677,2026-04-01,2304,2304,688000,17,2276.714285714286,2264.4285714285716,2221.9666666666667,1989.3555555555556,2281.911949980006,2263.206215568768,2303.0,2274.0,2276.0,2264.0,2261.0,2255.0,2262.0,2212.0,19.67836617304998,-0.1000125077376941,900613.7142857143,-212613.71428571432,8.607142857142847,4.960845383759681,0.643663230551904,-0.22732610253230462,-0.08704459353967171,-0.375369634481364,-0.44346936551884836,-0.11797794959343434,-0.6388485754249692,-0.6485377942504046,-0.6618766274464334,-0.150160552556335,-0.7523579900196659,-0.9820833780087582,-0.9316610485233437,-0.39374679902557463,-0.2273261025323017,0.14885920032257835,-0.08704459353967249,-0.3753696344813643,-0.44346936551884925,38.0,0.016493055555555556
2331,2318,418665,496426,2026-04-02,2324,2324,915091,13,2286.5714285714284,2271.6428571428573,2227.9,1998.5111111111112,2292.4339624850045,2271.3120534929326,2304.0,2303.0,2274.0,2276.0,2264.0,2261.0,2255.0,2223.0,23.831751529313713,-0.02325419365740659,1012823.5714285715,-97732.57142857148,10.571428571428672,5.095216907675164,0.643663230551904,0.24146108037425956,0.24049476196223904,-0.12111517441463628,-0.38767813496600817,0.07204130308074187,-0.5238465606062619,-0.5576874877588534,-0.578007996279586,-0.035220284050750984,-0.738504758354173,-0.8273781196804397,-1.2864231071524301,-0.15049501457184297,0.2414610803742581,-0.02325169878881961,0.24049476196223993,-0.1211151744146349,-0.3876781349660096,-34.0,-0.014629948364888123
2339,2319,653566,539975,2026-04-03,2329,2329,1193541,20,2296.285714285714,2277.285714285714,2233.766666666667,2007.5666666666666,2301.5754718637536,2279.003779693875,2324.0,2304.0,2303.0,2274.0,2276.0,2264.0,2261.0,2250.0,25.473609126061245,-0.2208415817389099,793564.5714285715,399976.4285714285,11.464285714285692,5.230923248053365,0.643663230551904,-0.12970420779014577,-0.12129064848777184,-0.13217802946746748,-0.5375520402953474,-0.019941582000196266,-0.5331212518986679,-0.6109178282467834,-0.528968647577138,0.01759399465863579,-0.7196193594529681,-0.7657235255923146,-0.69135120623885,0.896046273423807,-0.12970420779014552,0.04992387261738563,-0.12129064848777163,-0.13217802946746765,-0.5375520402953471,-19.0,-0.008158007728638901
2407,2355,456991,339386,2026-04-04,2381,2381,796377,52,2313.0,2286.785714285714,2241.133333333333,2017.1777777777777,2321.431603897815,2292.6032757346916,2329.0,2324.0,2304.0,2303.0,2274.0,2276.0,2264.0,2248.0,36.678785875979564,0.2335870356825399,803023.4285714285,-6646.4285714285215,15.928571428571354,5.672080088987683,0.643663230551904,1.017243150163364,0.6271155636723833,0.32436844604404474,-0.18834540020828547,0.6367970771745154,-0.16723077224409202,-0.2196073780628587,-0.3124373090525593,0.2674527368824775,-0.6715852112653116,-0.3624363641184548,1.942960537159155,0.0032453575441714483,1.0172431501633667,0.6276717298143665,0.6271155636723851,0.32436844604404624,-0.18834540020828458,-29.0,-0.012179756404871903
2400,2380,457280,308224,2026-04-05,2390,2390,765504,20,2329.285714285714,2299.6428571428573,2247.4,2026.4777777777779,2338.5737029233615,2305.5895056367326,2381.0,2329.0,2324.0,2304.0,2303.0,2274.0,2276.0,2210.0,42.37811654506866,1.0328963554647614,898537.1428571428,-133033.14285714284,18.892857142857068,6.362625139043332,0.643663230551904,-0.0371295748450197,0.4573220408896148,0.2907545365416958,0.13518784631450184,0.4923194204235633,-0.1479476743714451,-0.2384620262510212,-0.17201655871675733,0.4392259128929424,-0.5728727958394237,-0.15239308320016448,-0.7349196517543186,-0.2403500511276535,-0.03712957484502036,0.6980027871387369,0.45732204088961265,0.2907545365416974,0.13518784631450287,42.0,0.017573221757322177
2388,2376,398843,275846,2026-04-06,2382,2382,674689,12,2344.714285714286,2307.214285714286,2253.8,2035.6333333333334,2349.4302771925213,2315.777571551835,2390.0,2381.0,2329.0,2324.0,2304.0,2303.0,2274.0,2276.0,38.36541100923399,0.4415788142351178,815613.1428571428,-140924.14285714284,16.642857142857245,6.835150166852001,0.3386914515866037,-0.4422962921387174,0.26649597748300424,0.23592502568190343,-0.37114397332456794,0.05180778576933658,-0.26949661127428276,-0.41689852729349663,-0.153711864701714,0.3094468728782303,-0.4997749587866362,-0.2990975171171343,-1.396950610075875,-0.2834438258860798,-0.4422962921387143,-0.39072568875910585,0.26649597748300324,0.23592502568190318,-0.37114397332456717,24.0,0.010075566750629723
2409,2386,327731,284963,2026-04-07,2398,2398,612694,23,2358.285714285714,2314.5,2260.4333333333334,2044.8444444444444,2361.572707894391,2326.7405620115906,2382.0,2390.0,2381.0,2329.0,2324.0,2304.0,2303.0,2296.0,37.950468972607105,0.4075479907891888,806556.5714285715,-193862.57142857148,16.39285714285725,7.387541713014408,0.643663230551904,0.12983957404456953,-0.26162672716378965,0.10399324717635557,-0.4023274233367738,0.09247529370771371,-0.19591608460820134,-0.3675565494559988,-0.11815965876768342,0.288118708158784,-0.42530379855080125,-0.32442047450097405,-0.49178292704700144,-0.4012088449176454,0.12983957404456592,-0.2670611077463292,-0.26162672716379287,0.10399324717635558,-0.4023274233367725,37.0,0.015429524603836531
2357,2328,1490774,1106569,2026-04-08,2342,2342,2597343,29,2363.714285714286,2320.214285714286,2268.5,2053.222222222222,2356.6795309207932,2328.7751537433787,2398.0,2382.0,2390.0,2381.0,2329.0,2324.0,2304.0,2262.0,30.966187397022164,-0.10923867322156051,1079319.857142857,1518023.142857143,6.892857142857095,6.807341490544982,-1.8661720855273913,-1.5795679992765927,-1.1822679475396953,-0.41921227662528066,-0.533837915337134,-1.0355823792342633,-0.7224602223540535,-0.9870343969561665,-0.3604473603890896,-0.2622057527170212,-0.48668118959100354,-0.559481707404236,0.06307118514988741,2.4687464911423507,-1.5795679992765947,-1.1178795545888334,-1.182267947539696,-0.4192122766252814,-0.5338379153371335,70.0,0.029888983774551667
2309,2271,2204259,903959,2026-04-09,2290,2290,3108218,38,2358.8571428571427,2322.714285714286,2272.0333333333333,2060.9777777777776,2340.009648190595,2323.6051332442617,2342.0,2398.0,2382.0,2390.0,2381.0,2329.0,2324.0,2255.0,39.67546921141041,-0.9049618492729995,1392623.7142857143,1715594.2857142857,-6.678571428571531,6.363292547274704,-2.6729048656957364,-1.514218542711613,-1.8092277862040713,-1.076941691053841,-0.8219694123074759,-1.902614418071845,-1.175628659013011,-1.5575063057802676,-0.7596053021187753,-1.0905481496942098,-0.5317799935437185,-0.18903634741477987,0.9002082566288112,2.1645582070693443,-1.5142185427116113,-2.3110984398306735,-1.8092277862040709,-1.07694169105384,-0.8219694123074773,164.0,0.07161572052401746
2319,2301,1191376,1123649,2026-04-10,2310,2310,2315025,18,2356.1428571428573,2326.214285714286,2275.3,2069.0444444444443,2332.507236142946,2321.79111547836,2290.0,2342.0,2398.0,2382.0,2390.0,2381.0,2329.0,2261.0,42.60058126143627,-0.7535598239063078,1552835.7142857143,762189.2857142857,-16.178571428571356,6.194215795328101,-2.0587255886128397,0.24447793652319985,-1.7441028096558377,-0.9401687196601491,-0.7326697963840108,-1.4862343537598655,-1.0397663223607794,-1.4544316345359645,-0.9578255393813697,-1.6683541593761606,-0.5660703867445633,-0.0882618990716606,-0.8494173781561257,0.8730631928401464,0.24447793652319857,-0.9856903910848924,-1.7441028096558382,-0.9401687196601485,-0.7326697963840112,158.0,0.0683982683982684
2373,2331,450425,384163,2026-04-11,2352,2352,834588,42,2352.0,2332.5,2280.1,2077.633333333333,2337.3804271072095,2325.8189667479123,2310.0,2290.0,2342.0,2398.0,2382.0,2390.0,2381.0,2264.0,41.16632928340061,-0.4007890994573296,1558294.4285714286,-723706.4285714286,-13.071428571428532,6.224916573970984,-0.7689491067387577,0.7815880348945691,-0.3586840006942143,-1.025161235439128,-0.4829895240290932,-0.6374196602557991,-0.7384935916004688,-1.1529957973668374,-0.9290012729439401,-1.4639204130261894,-0.5783514241440407,-0.1730429594812371,1.1513223739924352,-0.7916903702250357,0.7815880348945747,0.7352944073254377,-0.35868400069421685,-1.0251612354391284,-0.482989524029094,118.0,0.050170068027210885
2448,2416,811523,838780,2026-04-12,2432,2432,1650303,32,2358.0,2343.6428571428573,2287.366666666667,2087.0222222222224,2361.035320330407,2339.9764378481905,2352.0,2310.0,2290.0,2342.0,2398.0,2382.0,2390.0,2276.0,49.78620960335688,0.04640455830177537,1684694.2857142857,-34391.28571428568,0.9285714285713681,6.749054505005526,0.643663230551904,1.6815921052919807,1.5939200097060346,-0.396384882290547,-0.05219706835297104,0.7227652248165922,-0.15201312909439493,-0.5107142231030306,-0.6023198171548153,-0.6242917159139729,-0.5330584026100826,0.09495511449901384,0.21719091076517835,-0.017906450095929012,1.6815921052919782,1.8226756809577491,1.5939200097060355,-0.3963848822905461,-0.052197068352971845,40.0,0.01644736842105263
2422,2389,1441423,1198617,2026-04-13,2406,2406,2640040,33,2361.4285714285716,2353.0714285714284,2294.233333333333,2096.266666666667,2372.276490247805,2348.779579468432,2432.0,2352.0,2310.0,2290.0,2342.0,2398.0,2382.0,2274.0,52.468584705089135,-0.23903765468346821,1965458.7142857143,674581.2857142857,9.500000000000114,6.911902113459352,0.03640428335163186,-0.8597594633758527,0.9023353594290051,-0.5548345052686101,-0.20455102000483993,0.1806527872256147,-0.42057480948416986,-0.8496753904097046,-0.5208850597519415,-0.12008872892446576,-0.4986195842337317,0.2155734770507111,0.3280753438066183,0.6158042990709116,-0.8597594633758543,0.5614522468179385,0.9023353594290049,-0.5548345052686123,-0.20455102000483893,135.0,0.05610972568578554
2457,2413,423089,294698,2026-04-14,2435,2435,717787,44,2366.714285714286,2362.5,2302.4666666666667,2105.8777777777777,2387.957367685854,2360.275635539308,2406.0,2432.0,2352.0,2310.0,2290.0,2342.0,2398.0,2303.0,58.30584386297984,-0.23903765468346821,1980472.0,-1262685.0,22.60714285714269,7.087430478309204,0.643663230551904,0.4331888984240052,0.690320315611821,-0.4416881144939172,-0.21516328720584754,0.6131101526760732,-0.2569197512954225,-0.684798786055601,-0.3810640638656892,0.6342101913526924,-0.48526620143903804,0.40854224011863827,1.1935980566403381,-1.093435402787816,0.4331888984240088,-0.35635645046362935,0.690320315611822,-0.441688114493917,-0.21516328720584885,105.0,0.043121149897330596
2419,2406,1198955,902496,2026-04-15,2412,2412,2101451,13,2376.714285714286,2370.214285714286,2310.133333333333,2115.233333333333,2393.9680257643904,2367.1722174674005,2435.0,2406.0,2432.0,2352.0,2310.0,2290.0,2342.0,2304.0,59.35406272453099,-0.4893739860596879,1909630.2857142857,191820.71428571432,23.928571428571445,6.963292547274682,0.11758691183676107,-0.7889721996060298,-0.781188471372288,-0.13611312444415852,-0.36675845338120766,0.006055759943375139,-0.5060697460455271,-0.9937280224935006,-0.41418257341866554,0.7241737576879456,-0.4936268696161818,0.4683883920257603,-1.3269919126924163,0.19272463327650252,-0.7889721996060275,-0.30311820814070617,-0.7811884713722878,-0.13611312444416016,-0.36675845338120766,104.0,0.04311774461028192
2468,2441,894510,730857,2026-04-16,2454,2454,1625367,27,2400.1428571428573,2379.5,2318.366666666667,2124.9777777777776,2408.976019323293,2378.7492551384134,2412.0,2435.0,2406.0,2432.0,2352.0,2310.0,2290.0,2324.0,51.2328949388224,-0.3618445392926917,1697794.4285714286,-72427.42857142864,19.821428571428502,7.180200222469402,0.643663230551904,0.7378786487797807,0.1715888147103334,0.7457073514454811,-0.23517707242376593,0.33513998190132704,-0.2394836088590964,-0.7128522509876828,-0.30169273060702617,0.46357347427597717,-0.4798828277148587,0.1316073974244353,-0.21127623471509865,-0.056674670240633086,0.7378786487797755,-0.07883259130481313,0.17158881471033038,0.7457073514454793,-0.23517707242376726,128.0,0.05215973920130399
2485,2452,1108644,670603,2026-04-17,2468,2468,1779247,33,2422.714285714286,2389.4285714285716,2326.9,2134.8888888888887,2423.7320144924697,2390.649354453292,2454.0,2412.0,2435.0,2406.0,2432.0,2352.0,2310.0,2329.0,37.994360483819264,-0.31312181404017086,1621254.7142857143,157992.28571428568,14.214285714285674,7.4120133481646,0.643663230551904,0.0723053343968703,-0.044769703522738076,0.6777122148567921,-0.18081661886792408,0.17273707626393117,-0.19998510690381177,-0.6897332520009187,-0.20995235012693272,0.13592135815434167,-0.4526167254645067,-0.36333772527111063,0.25958261412071054,0.18749905345160411,0.0723053343968656,0.5723542480019176,-0.04476970352274149,0.6777122148567909,-0.18081661886792347,98.0,0.03970826580226904
2479,2462,470332,409130,2026-04-18,2470,2470,879462,17,2439.5714285714284,2395.785714285714,2335.133333333333,2144.777777777778,2435.299010869352,2401.2294405261864,2468.0,2454.0,2412.0,2435.0,2406.0,2432.0,2352.0,2381.0,25.520300043078574,-0.6102903849253368,1627665.2857142857,-748203.2857142857,9.178571428571539,7.618687430478259,0.643663230551904,-0.20594238860614758,0.3101171533475723,0.29249157269805565,-0.5046221144375019,-0.09681715928867585,-0.2533304863705489,-0.7747077691014833,-0.18156897666511065,-0.1529480459890876,-0.42397127391625605,-0.8203835327296413,-1.03023387397522,-0.7834241053330776,-0.20594238860614178,-0.13302956791237425,0.3101171533475705,0.2924915726980573,-0.5046221144375013,156.0,0.06315789473684211
2490,2453,247316,264896,2026-04-19,2472,2472,512212,37,2445.285714285714,2401.6428571428573,2342.5333333333333,2154.866666666667,2444.474258152014,2410.665515122695,2470.0,2468.0,2454.0,2412.0,2435.0,2406.0,2432.0,2390.0,27.908865292373015,-0.6576498227028121,1465080.857142857,-952868.857142857,11.57142857142859,7.9145717463848255,0.643663230551904,-0.2059796906313218,-0.25502866005838654,-0.42017779307415365,-0.5491884096161587,-0.16391530127876497,-0.29935768770062376,-0.8609598545386707,-0.1948460231132605,-0.016532944637402073,-0.38264764849893146,-0.7339079939563791,0.576937331878588,-1.1157750751065396,-0.20597969063132096,-0.33999931814849926,-0.25502866005838587,-0.42017779307415437,-0.5491884096161586,140.0,0.05663430420711974
2557,2525,1079099,909385,2026-04-20,2541,2541,1988484,32,2464.5714285714284,2413.0,2352.3,2165.411111111111,2468.6056936140103,2428.0434464396694,2472.0,2470.0,2468.0,2454.0,2412.0,2435.0,2406.0,2382.0,40.18232257625453,-0.17234299647125567,1372001.4285714286,616482.5714285714,16.21428571428554,8.54304783092321,0.643663230551904,1.3347638907772048,0.4972032347399858,0.4180156886756338,-0.07819485637534203,0.7066579853171204,0.16230408967096951,-0.35318242538156985,0.02255945942983583,0.22379870471984326,-0.32609383448490725,-0.32553065189539176,0.10499220058140868,0.80072934310614,1.3347638907772021,0.8058739990678166,0.4972032347399877,0.4180156886756361,-0.07819485637534182,56.0,0.02203856749311295
2560,2521,920036,932838,2026-04-21,2540,2540,1852874,39,2479.5714285714284,2423.1428571428573,2363.3,2175.8888888888887,2486.4542702105077,2442.97098691438,2541.0,2472.0,2470.0,2468.0,2454.0,2412.0,2435.0,2398.0,46.417874225584995,-0.26474653003781684,1534156.7142857143,318717.2857142857,20.071428571428413,8.77263626251388,0.6179534003484338,-0.2743826499751035,0.45531899144088994,0.14352520666949914,-0.187585906346586,0.41885224706510304,0.061447424723290504,-0.47124963240533,0.11123897182746649,0.4388267072055134,-0.29375641592407653,-0.10334329047960795,0.6538054277507688,0.3797161906027636,-0.274382649975106,0.753622791641572,0.4553189914408923,0.14352520666950078,-0.1875859063465858,86.0,0.03385826771653543
2527,2504,735145,518713,2026-04-22,2516,2516,1253858,23,2494.4285714285716,2435.5714285714284,2371.3,2185.766666666667,2493.8407026578807,2452.7081886591295,2540.0,2541.0,2472.0,2470.0,2468.0,2454.0,2412.0,2342.0,36.841358746508575,0.0835362069941432,1413072.0,-159214.0,14.321428571428527,9.155728587319238,-0.3093735787146593,-0.7891560276819976,0.09885435921211197,0.1434532419754054,0.03134468629509472,-0.26260388563444026,-0.1929031067099632,-0.7853534641661007,0.027790491383902573,0.12640836531609692,-0.2284531079910109,-0.4312233278154113,-0.581201894689469,-0.1786872254454948,-0.7891560276819959,-0.8241062878862885,0.09885435921210976,0.1434532419754047,0.03134468629509613,89.0,0.035373608903020666
2601,2564,524287,375286,2026-04-23,2582,2582,899573,37,2512.714285714286,2456.4285714285716,2380.8333333333335,2195.1222222222223,2515.8805269934105,2469.947096837912,2516.0,2540.0,2541.0,2472.0,2470.0,2468.0,2454.0,2290.0,44.417392560888196,0.9866907316144589,1309387.142857143,-409814.14285714296,17.928571428571555,9.99577308120134,0.643663230551904,1.2392305806024821,0.04258239169776335,0.3345397393720344,0.8039511337154104,0.5576978656820468,0.24139901841024392,-0.299173477227469,0.17591400189711778,0.30333282587599414,-0.1465356306385282,-0.2001245762078227,0.45018109756547015,-0.5277713171739862,1.2392305806024753,0.29007811914040443,0.04258239169776371,0.33453973937203385,0.8039511337154099,-14.0,-0.005422153369481022
2569,2563,570946,572202,2026-04-24,2566,2566,1143148,6,2526.714285714286,2474.714285714286,2390.9666666666667,2204.0555555555557,2528.4103952450578,2482.754150592857,2582.0,2516.0,2540.0,2541.0,2472.0,2470.0,2468.0,2310.0,43.407811454177484,0.7160108675284376,1218515.857142857,-75367.85714285704,17.250000000000107,10.370856507230222,0.16986778823081233,-0.6042825096270663,-0.1569144178229672,0.07139996249013235,0.5616611237471658,0.0364696130730549,0.03254240759588816,-0.5315669578946287,0.1590820262944369,0.2720696289739176,-0.08648401095697447,-0.22596010842163017,-1.933568514311452,-0.09012183973085598,-0.604282509627066,0.43106722220671667,-0.15691441782296514,0.07139996249013442,0.5616611237471643,82.0,0.03195635229929852
